aaisement	aisement
aaisier	aaiser
aancrer	aancrer
äatine	aatine
abaiier	aboyer
abaissier	abaisser
abandoner	abandonner
abatre	abattre1
abé1	abbé
abeie	abbaye
abelir	abellir
abet	abet
abevrer	abreuver
abisme	abîme
abiter	habiter
abonder	abonder
aborrer	
abregier	abréger
abriver	abriver
accident	accident
aceindre	aceindre
acerer	acérer
acesmer	acesmer
achater	acheter
acheminer	acheminer
acier	acier
acliner	acliner
acoardir	accouardir
acoillir	accueillir
acointable	accointable
acointance	accointance
acointe1	accointe1
acointier	accointer
acoisier	accoiser
acoler	accoler
acompagnier	accompagner
acomplir	accomplir
aconsivre	aconsuivre
açoper	achopper
acopler	accoupler
acor	
acordance	accordance
acorde1	accorde
acorder	accorder
acorer	acorer
acorre	accourir
acoster	accoster
acostumance	accoutumance
acostumeement	accoutumément
acostumer	accoutumer
acoter	accoter
acreanter	acréanter
acroire	accroire
acroistre	accroître
adeser	adeser
adestrer	adextrer
adevancir	
adober	adouber
adoler	adouler
adoner	adonner
adosser	adosser
adoucir	adoucir
adrece	adresse
adrecier	adresser
adroit	adroit
aduré	adurer3
aé	aé
aerdre	aerdre
aeschier	
aesmer	aesmer
afaire	affaire
afaitement	affaitement
afaitier	affaiter
afamer	affamer
afebliier	affaibloyer
afeblir	affaiblir
aferir	afférir
afermer	affermer1
afichier	afficher
afïer	affier1
afit2	
afitier	afiter
afoler1	affoler1
afoler2	affoler2
afonder	affonder1
afrener	afreiner
afubler	affubler
agait	aguet
agaitier	aguetter
agencir	agencir
agenoillier	agenouiller
agnel	agneau
agnelet	agnelet
agreer	agréer
agrever	aggraver1
agu	aigu
aguille	aiguille
aguisier	aiguiser
ahan	ahan
ahaner	ahaner
aidier	aider
äie1	aide1
aigle	aigle
aigue	eau
ainzné	aîné
äir	aïr
air1	air
äirier	aïrer
ais	ais
aise	aise
aigre1	aigre
ail	ail
aissele2	aisselle
aiuele	aïeul
ajorner	ajourner
ajoster	ajouter
alaitier	allaiter
alaschier	alaschier
alee	allée
alegement	allégement
alegier1	alléger
aleine	haleine
alemele	alumelle
alener	haleiner
alemant	
aler	aller
alerïon	alérion
alëure	allure
alever	alever
alexandrin	alexandrin
alie	alie
aliier2	allier1
alöe1	aloue
alöé	aloès
alöer2	allouer1
alöete	alouette
aloigne	aloigne
aloignier	aloigner
aloser	aloser
alue2	
aluè	alleu
alumer	allumer
amant	amant1
amasser	amasser
ambler	ambler
amblëure	amblure
ame	âme
ameçon	hameçon
amembrer	amembrer
amende1	amende
amendement	amendement
amender	amender
amener	amener
amentevoir	amentevoir
amenuisier	amenuiser
amëor	aimeur
amer1	aimer
amer2	amer
amertume	amertume
ametiste	améthyste
ametre	admettre
ami	ami
amïable	amiable
amïablement	amiablement
amistié	amitié
amonestement	admonestement
amonester	admonester
amor	amour1
amoroin	
amoros	amoureux1
amorter	amorter
ample	ample
amüir	amuïr
amuser	amuser
an	an
ancele	ancelle
ancesserie	ancesserie
ancessor	ancêtre
anciien	ancien
ancre	ancre
ane	ane
anee	année
anel1	anneau
anel2	annel
anelet	annelet
angarde	
angele	ange
angevin	angevin
anglois	anglais
angle	angle
angoisse	angoisse
angoissier	angoisser
angoissos	angoisseux
anuitier	anuiter
aorer2	adorer
aost	août
aovrer	
aovrir	aouvrir
apaiier	apayer
apaisier	apaiser
apantoisier	
apareil	appareil1
apareillier1	appareiller1
apareillier2	appareiller2
aparler	aparler
aparoir	apparoir
apartenir	appartenir
apel	appel
apeler	appeler
apendre	appendre
apenser	apenser
apercevoir	apercevoir
apert1	apert1
apert2	apert2
apertement	apertement1
apeticier2	apetisser
aplaignier	aplanier
apoiier	appuyer
apoindre	apoindre
apointier2	appointer2
apondre	
aporter	apporter
apostle	apôtre
apovrir	appauvrir
aprendre	apprendre
aprentiz	apprenti
apresser	appresser
aprester	apprêter
aprison	
aprochier	approcher
aproismier	approismer
aquerre	acquérir
aquiter	acquitter
arabi	arabi1
arabïois	arabiois
arain	airain
araisne	
araisnier	arraisonner
aramir	aramir
arbaleste	arbalète
arbalestee	arbalétée
arbalestier	arbalétrier
arbre	arbre
arc	arc
arcevesque	archevêque
archal	archal
arche2	arche2
archiee	archée
archier	archer1
arçon	arçon
arçoner	
ardoise	ardoise
ardre	ardre
aree	
areeement	arrément
areine	arène
arer	arer
aresner	arêner
arest	arrêt
arester	arrêter
arestuel	arrêtuel
argent	argent
argüer	arguer
arismetique	arithmétique
ariver1	arriver
armaire	armoire
arme	arme
armer	armer
armëure	armure
armonie	harmonie
aronde	aronde
aroser1	arroser
aroter2	arouter
arpent	arpent
arrachier	arracher
art	art
artetique	arthétique
asne	âne
aspre	âpre
asprement	âprement
asproiier	âproyer
assalir	assaillir
assaut	assaut
assemblee	assemblée
assembler	assembler1
assener	assener
assëoir	asseoir
asserir	asserir1
assëur	assûr
assëurer	assurer
assoagier	assouager
assomer1	assommer1
assomer2	assommer2
astele	estelle
astrenomie	astronomie
asur	azur
atachier2	attacher
ataindre	atteindre
atäine	ataïne
atalenter	atalenter
atarder	attarder
ateler	atteler
atemprer	attemprer
atendre	attendre1
atendue	attendue
atente	attente1
aterrer	atterrer
atillier	artiller
atirier	attirer2
atisier	attiser
atochier	attoucher
ator	atour
atornement	atournement
atorner	atourner
atraire	attraire
atrait	attrait
atropeler	attroupeler
aubagu	
aube3	aube1
aucube	aucube
audïence	audience
aumosne	aumône
aumosniere	aumônière
aune2	aune
äunee	aünée
auner	auner
äuner	aüner
aussiment	aussiment
autel1	autel2
autel2	autel1
autrement	autrement
autresiment	
avalee	avalée
avaler	avaler
avancier	avancer
avancir	avancir
avantage	avantage
avantpié	avant-pied
avarice	avarice
aveine	avoine
avenanment	avenamment
avenement	avènement
avenir	avenir
aventure	aventure
aventuros	aventureux
aver	avare
averir	avérir
aversaire	adversaire
aversier	adversier
avesprer	avêprer
avilenir	avilenir
avillier	aviler
aviron2	aviron
avironer	avironner2
avis	avis
aviser	aviser
avöé	avoué
avogler	aveugler
avoiier	avoyer1
avoir	avoir1
avoutre	avoutre
avril	avril
avugle	aveugle
bäaillier	bâiller
bacheler	bachelier
bacin	bassin
bacon	bacon
bades	bades
bai	bai
baignier	baigner
baile	baile
baillie	baillie1
baillier	bailler1
bain	bain
baisier	baiser2
baissier	baisser
balancier	balancer
ban1	ban
banc	banc
bandon	bandon
baniere	bannière
banir	bannir1
barat	barat
barate	barate
barbacane	barbacane
barbe	barbe
barbé	barber
barbelé	barbelé
barbïolete	
bargaignier	barguigner
barge	barge1
baril	baril
barnage	barnage
baron	baron
baronaille	
baronie	baronnie
barre	barre
barrer	barrer
bas	bas
basme	baume
bastir	bâtir
baston	bâton
bastonet	bâtonnet
bataille	bataille
bataillier1	batailler
batel2	bateau1
batesme	baptême
batistere	baptistère
batre	battre
baucenc	baucenc
baule	baule1
baut	baud
bec	bec
bëer	béer
behorder	behorder
bel	beau
belement	bellement
beslic	belinc
bende	bande1
bender	bander1
benëir	bénir
berser	berser
besant	besant
bescuit	biscuit
besoigne	besogne
besoignier	besogner
besoing	besoin
beste	bête
bestïal	bestial1
bestorner	bistourner
beter2	béter2
betir	bétir
bevrage	breuvage
biauté	beauté
bien	bien
bienvenue	bienvenue
biere	bière1
bievre	bièvre1
bille1	bille1
bis	bis
bisse	biche1
blanc	blanc
blandir	blandir1
blasme	blâme
blasmer	blâmer
blason	blason
blé	blé
blecëure	blessure
blecier	blesser
blïaut	bliaud
blo	bleu
blont	blond
boce1	bosse
bocel3	bocel1
boche	bouche1
bochete	bouchette
bocle	boucle
boclé	boucler
boclete	bouclette
boçoiier	bossier
boçu	bossu
böele	boëlle
bofu	
bois	bois
boise2	
boisier1	boisier
boiste	boîte
boivre	boire1
bole2	bole
bolir	bouillir
bon	bon
bone	borne
bonement	bonnement
bonet	bonnet
bonté	bonté
boquerant	bougran
borc	bourg
borde1	borde1
borgne	borgne
borjois	bourgeois
borrel	bourreau2
boschage	bocage
bot1	bout1
bot2	bot4
bot4	bot2
boteillier	bouteiller
boter1	bouter1
boton	bouton
bouser	
bouzon	boujon
bovier	bouvier
brabançon	brabançon
brachet	brachet
braciee	brassée
bracier2	brasser
braidif	
braie	braie1
braier	brayer1
braire	braire
brait	brait
branche	branche
brandon	brandon
brant1	brant
bräon	braon
braz	bras
brese	braise1
bresil2	brésil
bret	bret1
bretesche	bretèche
breton	breton
bricoigne	
bricon1	bricon
brief	bref
briément	brièvement
brisier	briser
brive	
broce	brosse
broche	broche1
brochier	brocher
broigne	broigne
brosder	broder
bruil1	breuil
bruire	bruire
bruit	bruit
brun	brun
brunet	brunet
brunete	brunette
brunir	brunir
bu	bu
buef	boeuf
buer	
bufe	buffe
buire1	buire1
buiron1	buron
buisine	buisine
buissonos	
busche	bûche
cachet	cachet
cacier	
caille	caille1
canele	cannelle1
canivet	canivet
carole	carole
caroler	caroler
carrefor	carrefour
carrel	carreau
carrer	carrer	// carré
cartier	quartier1
cas2	cas2
casser	casser
cause	cause
ceindre	ceindre
ceintuir	
ceinture	ceinture
ceinturete	ceinturette
celee1	celée
celeement	celément
celer1	celer
celer2	cieler
cembel	cembel
cembeler	
cendal	cendal
cendre	cendre
cenele	cenelle
cener1	
cengle	sangle1
cengler	sangler
ceptre	sceptre
cercele	sarcelle
cercelet	
cerchier	chercher
cercle	cercle
cercler	
cerf	cerf
cert	cert
certain	certain
certainement	certainement
certement	
cervel	cerveau
cervele	cervelle
cerviz	cervis1
cervoise	cervoise
cesser	cesser
chace	chasse1
chacëor	chasseur
chacier	chasser
chäeine	chaîne
chaillo	caillou
chainse	chainse
chainsil	caisil
chaisne	chêne
chaitif	chétif
chaitiveté	chétiveté
chalant	chaland1
chalemele	chalemelle
chalemeler	chalemeler
chaloir	chaloir1
chalonge	challenge
chalongier	challenger
chalor	chaleur
chamberiere	chambrière
chamberlenc	chambellan
chambre	chambre
chambrete	chambrette
chamoiz	chamois
chamoissier	chamoiser
champ	champ
champagne	campagne
champaine	campane
champchëu	
champïon	champion
champir	champir
chancel	chancel
chanceler	chanceler
chançon	chanson
chandelier1	chandelier2
chandoile	chandelle
chanevaz	canevas
change	change
changëor	changeur
changier	changer
chanole	chanole
chant2	chant1
chanter	chanter
chanvre	chanvre
chape	chape
chapel2	chapeau
chapelain	chapelain
chapele	chapelle
chapelier1	
chaperon	chaperon
chaple	chaple
chapler	chapeler1
chaplëiz	chaplis
chapon	chapon
char1	char
char2	chair
charaie	charaie
charbon	charbon
charbonee	charbonnée
charbonier1	charbonnier1
chardenal	cardinal1
charge	charge
chargier	charger
charitable	charitable
charité	charité
charjable	chargeable
charme1	charme2
charme2	charme1
charmer	charmer
charpenter	charpenter
charpentier	charpentier
charre	charre
charrete	charrette
charreter	charreter
charretier	charretier
charreton	charreton
charriere	charrière1
chas	chas
chasse	châsse
chaste	chaste
chastel	château
chastelain	châtelain
chastelet	châtelet
chasti	chasti
chastiier	châtier
chastrer	châtrer
chasuble	chasuble
chat	chat
chatel	chatel
chauce	chausse
chaucëure	chaussure
chauciee	chaussée
chaucier1	chausser1
chaude	
chauf	chauve
chaufer	chauffer
chaut	chaud
chauz1	chaux
chëance	chance
chemin	chemin
cheminee1	cheminée2
cheminel	cheminel
cheminer	cheminer
chemise	chemise
chenu	chenu
chëoir	choir
cheval	cheval
chevalerez	
chevalerie	chevalerie
chevalier	chevalier
chevauchiee	chevauchée
chevauchier	chevaucher
cheveçaille	cheveçaille
chevece	chevèce
chevecine	chevecine
chevel	cheveu
chevelet	chevelet
chevelu	chevelu
chevestre	chevêtre
chevir	chevir
chevrueil	chevreuil
chiche1	chiche2
chief1	chef
chien	chien
chienes	
chienet	chiennet
chier	cher
chiere	chère
chierement	chèrement
chierir	chérir
chierté	cherté
chievre	chèvre
chöe	choue
chöete	chouette1
chois	choix
choisir	choisir
chose	chose
choser	choser1
ciel	ciel
cierge	cierge1
cime	cime
cimetiere	cimetière
cingler	cingler1
cire	cire
cisemus	cisamus
cité	cité
cive	cive
clamer	clamer
clamor	clameur1
clarté	clarté
clef	clef
cler	clair1
clerc	clerc
clerement	clairement
clergie	clergie
clerjon	clergeon
clice1	clisse
cliner	cliner
clo	clou
cloche	cloche
clochier	clocher2
clofichier	cloficher
clore	clore
cöardie	couardie
cöardise	couardise
cöart1	couard1
coche1	coche1
cocodril	crocodile
cöe	queue
cofre	coffre
coi1	coi
coife	coiffe
coigniee	cognée
coillir	cueillir
cointe	cointe
cointement	cointement
cointise	cointise
coisier	coiser
coite	coite1
col	cou
colee	colée
colëiz	coulis2
coler1	couler
coler3	collier1
colom	coulon1
colombe2	colonne
color	couleur1
colorer	colorer
comandement	commandement
comandëor	commandeur
comander	commander
comant	command
combatëor	combatteur
combatre	combattre
comble1	comble1
combler	combler1
comé	comé
comencier	commencer
comfaitement	confaitement
compagne	compagne
compagnie	compagnie
compagnon	compagnon
comparer2	comparer2
compas	compas
compasser	compasser
complaindre	complaindre
complainte	complainte
complie	complie
comun	commun
comunaument	communalement
comune	commune
comunement	communément
comuniier	communier1
comunïon	communion
concevoir	concevoir
concordance	concordance
conduire	conduire
conduit	conduit
conestable	connétable
confès	confès
confesse	confesse
confesser	confesser
confessïon	confession
confire2	confire1
confondement	confondement
confondre	confondre
confort	confort
conforter	conforter
confus1	confus
congié	congé
conin	connin
conjointure	conjoncture
conjöir	conjouir
conjurement	conjurement
conjurer	conjurer
conoissance	connaissance
conoistre	connaître
conquerre	conquérir
conquester	conquêter
conrëer	conréer
conroi	conroi
conscïence	conscience
conseil	conseil
conseillier1	conseiller2
conseillier2	conseiller1
consent	consent1
consentir	consentir
consiree	consirée
consirer	consirer
consivre	consuivre
conte1	comte
conte2	conte
contenance	contenance
contençon	contention
contenement	contènement
contenir	contenir
conter	conter
contesse	comtesse
contraire	contraire1
contrait	contrait
contrariier	contrarier
contrarïos	contrarieux
contratendre	contrattendre
contredire	contredire
contredit	contredit
contree	contrée
contrefaire	contrefaire
contrester	contrester
contretenir	contretenir
contrueve	contreuve
convers2	convers1
converser	converser1
convoiier	convoyer
cope1	coupe1
copel2	pécol
coper	couper
çoper	chopper
cor2	cor1
corage	courage
coraille	coraille
corajos	courageux
corbel	corbeau
corde	corde
cordele	cordelle
corëor	coureur
corgiee	courgée
corir	courir
corjon	corion
corneille1	corneille1
corneillier	cornouiller
corner	corner
cornu	cornu
coroie	courroie
corone	couronne
coronement	couronnement
coroner	couronner
corrocier	courroucer
corrompre	corrompre
corroz	courroux
cors1	corps
cors2	cours1
corsage	corsage
cort1	cour
cort2	court
cortine	courtine1
cortois	courtois
cortoisement	courtoisement
cortoisie	courtoisie
cosdre	coudre2
cosin	cousin
cost2	coût
coste2	côte
costé	côté
coster1	coûter
costoiier	côtoyer
costume	coutume
costumier	coutumier
costure	couture
cote1	coude
cote2	cotte
cotele	cottelle
couche	couche
couchier	coucher
coup1	coup
coupable	coupable
coupe	coulpe
coute	courte
coutel	couteau
covenable	convenable
covenance	convenance
covenant	convenant
covenir	convenir
covent1	convent
covent2	couvent
cover	couver
covertement	couvertement
covertor	couverteur
coverture	couverture
covine	convine
covir	
covoitié	
covoitier	convoiter
covoitise	convoitise
covoitos	convoiteux
covrir	couvrir
craisse	graisse
crapos	crapeux
cras	gras
crëance	créance
crëant	créant1
crëante	
crëanter	créanter
crenel	créneau
crenu	crenu
cresme	chrême
crester	crêter
crestïenté	chrétienté
crestiien2	chrétien
crever	crever
cri	cri
crïator	créateur
crïature	créature
criembre	craindre
crieme	creme2
crïer1	créer
crïer2	crier
crin	crin
crisolite	chrysolithe
cristal	cristal
croc2	croc1
croce	crosse
croie	craie
croire	croire
croisete	croisette
croisier	croiser
croisillié	
croissir	croissir
croistre	croître
croiz	croix
croler	crouler
crope	croupe
croser	creuser
crot	crot
cru	cru
crüauté	cruauté
crucefiier	crucifier
crucefis	crucifix
crüel	cruel
crüelment	cruellement
çucre	sucre
cuer2	coeur
cuerpous	
cuidier	cuider
cuir	cuir
cuire	cuire
cuiriee2	curée
cuisencenos	cuisançonneux
cuisençon	cuisançon
cuisine	cuisine
cuisse	cuisse
cuivre1	
cuivre2	cuivre1
culvert	culvert
cure	cure
cuve	cuve
däerrain	derrain
daim	daim
damage	dommage
damagier	dommager
dame	dame1
damoisel	damoiseau
damoisele	damoiselle
dan2	damedieu
dance	danse
dancier	danser
dangier	danger
danois	danois
dart	dard
date2	datte
dé1	dé1
debatre	débattre
deboissier	
debonaire	débonnaire
debonairement	débonnairement
debonaireté	débonnaireté
deboter	débouter
debrisier	débriser
decevoir	décevoir
dechëoir	déchoir
declin	déclin
decliner	décliner
decoler1	décoller
decorir	décourir
deduire	déduire1
deduit	déduit
defendre	défendre1
defens	défens
defense	défense
definaille	
definer1	définer1
definer2	définer2
defolëiz	
defoler	défouler
degoter	dégoutter
degré	degré
degrocier	dégrocier
deguenchir	
dehachier	déhacher
dehé	dehé
deignier	daigner
deintié	deintié
dëité	déité
dejangler	
dejeter	déjeter
delai	délai
delaie	délaie
delaiement	délaiement
delaiier1	délayer
delice	délice
deliié	délié
delit2	délit2
delitable	délitable
delitier	déliter
delivrance	délivrance
delivre	délivre2
delivrement	délivrement2
delivrer	délivrer1
deluge	déluge
demaine	demaine2
demainement	
demande	demande
demander	demander
demener	démener
dementer	démenter
demi	demi
demincier	démincer
demorance	demeurance
demore	demeure
demoree	demeurée
demorer	demeurer
demostrance	démontrance
demostrer	démontrer
denier	denier
denree	denrée
dent	dent1
departir	départir
depecier	dépecer
dependre	dépendre2
deplaindre	déplaindre
deport	déport
deporter	déporter
depriier	déprier
deputaire	députaire
deraisne	déraisne
deraisnier	déraisner
derompre	dérompre
desäancrer	desancrer
desabelir	désabellir
desäerdre	désaerdre
desafubler	desaffubler
desapert	desapert
desarmer	désarmer
desassembler	désassembler
desatemprer	désattempré
desavenir	désavenant
desaventure	désaventure
desbarater	débarater
desbuschier	débusquer
desceindre	desceindre
descendre	descendre
deschaitiver	
deschant	déchant
deschargier	décharger
deschaucier	déchausser
deschauz	déchaux
deschevaler	deschevaler
desciple	disciple1
descirier	déchirer
desclore	déclore
descochier	décocher
descolorer	décolorer
descombrer	décombrer
desconfire	déconfire
desconfort	déconfort
desconforter	déconforter
desconseillier	déconseiller
descorde	discorde
descosdre	découdre
descovenue	déconvenue
descovrir	découvrir
descricïon	description
descrire	décrire
descroistre	décroître
descuidier	
desdeignier	dédaigner
desdeignos	dédaigneux
desdeing	dédain
desdire	dédire
desenseignier	desenseigner
desert2	désert1
deserte1	desserte1	
deserte2	desserte2
deservir	desservir1
desesperer	désespérer
desfaire	défaire
desfermer	desfermer
desferrer	déferrer
desfïance	défiance
desfïer	défier
desfigurer	défigurer
desföir	desfouir
desfubler	desfubler
desgarnir	dégarnir
deshait	deshait
deshaitier	deshaitier
desiretement	déshéritement
desireter	déshériter
desirrer	désirer
desirrier2	désirier
desjëuner	déjeuner
desjoindre	desjoindre
desjugler	desjugler
deslacier	délacer
deslëal	déloyal
deslëaument	déloyalement
deslëauté	déloyauté
deslicier	
desliier	délier
deslöer1	deslouer1
deslöer2	deslouer2
desmaillier	démailler
desmembrer	démembrer
desmentir	démentir
desmesure	démesure
desmesurer	démesurer
desnöer	dénouer
desnüer	dénuer
desonor	déshonneur
despaner	despaner
despareil	dépareil
despendre2	dépendre3
despens	dépens
despense	dépense
despensier	dépensier
desperance	despérance
desperer	despérer
despire	despire
despisier	despiser
despit	dépit
desplaire	déplaire
desploiier	déployer
despoillier	dépouiller
desprendre	déprendre
desprisoner	déprisonner
desraison	déraison
desrëer	desroyer
desrober	dérober
desroi	desroi
desroter	dérouter
dessembler2	dessembler2
dessëoir	desseoir
desserrer	desserrer1
dessevelir	
dessevraille	
dessevrer	dessevrer
desteler1	dételer
destendre2	détendre
destinee	destinée
destiner	destiner
destor	détour
destorber	détourber
destorner	détourner
destre	dextre
destrece	détresse
destreindre	destreindre
destremper	détremper
destrier1	destrier1
destroit	détroit1
destrosser	détrousser
destructïon	destruction
destruire	détruire
desver	desver
desverie	desverie
desvestir	dévêtir
desvoiier	dévoyer
detaillier	détailler
dete	dette
detenir	détenir
detirer	détirer
detor	detteur
detordre	détordre
detraire	détraire
detrenchier	détrancher
deugié	douge
devenir	devenir
devïer	dévier2
devin2	devin
devinail	devinail
devinaille	devinaille
deviner	deviner
devise	devise
devisëor	deviseur
deviser	deviser
devocïon	dévotion
devoir	devoir2
devorer1	dévorer
devoutrer	
di	toudis
dïable	diable
dïablie	diablie
dïamargariton	diamargariton
dïaspre	
dïemaine	
dieu	dieu
dire	dire1
dit	dit
divers	divers
döaire	douaire
doble	double
dobler	doubler
doblier	doublier
doi	doigt
dois	dais
doiz	duit1
dolent	dolent
doler1	doler
doloir	douloir
dolor	douleur
doloros	douloureux
dolorosement	douloureusement
don	don
doner	donner
donoiier	donoyer
donter	dompter
dorer	dorer
dorëure	dorure
dormir	dormir
dos	dos
dossiere	dossière
dotance	doutance
dote	doute
doter2	douter
doucement	doucement
douçor	douceur
douz	doux
dragon	dragon
drap	drap
drecier	dresser
droit	droit2
droiture	droiture
droiturier1	
droiturier2	droiturier
dromont	dromon
dru1	dru1
dru2	dru2
drüerie	druerie
drugeman	truchement
duc2	duc1
duel	deuil
duire1	duire1
duire2	duire2
dur	dur
duree	durée
durement	durement
durer	durer1
ëage	âge
ebenus	ebenus
edefiz	édifice
eglise	église
embarrer	embarrer
embatre	embattre
embaussemer	embausumer
embelir	embellir
emblee	emblée
embler	embler
emblöir	
embracier	embrasser
embriconer1	embriconner
embronchier	embroncher
embuignier	
empalir	empalir
emparlé	emparlé
empeindre1	empeindre
empenser	empenser
emperëor	empereur
empererriz	empereris
emperïal	impérial1
empire	empire
empirier	empirer
emplaidier	emplaider
emplastre	emplâtre
emplir	emplir
emploiier	employer
empoignier	empoigner
empoindre	empoindre
empointe	empeinte
emprendre	emprendre1
empresser	empresser
emprisoner	emprisonner
emprunter	emprunter
enarme	enarme
encens	encens
encenser2	encenser
encensier	encensier
encerchier	enchercher
enchäener	enchaîner
enchantement	enchantement
enchanter	enchanter
enchapeler	enchapeler
enchargier	encharger
enchaucier	enchaucier
encherir	enchérir
enciser	enciser
enclin	enclin1
encliner	encliner
enclore	enclore
enclume	enclume
encombrement	encombrement
encombrer	encombrer
encombrier	encombrier1
encomencier	encommencer
encontre2	encontre1
encontrer	encontrer
encoragier	encourager
encortiner	encourtiner
encouper1	encoulper
encraissier	engraisser
encroistre	encroître
encuser	encuser
endemain	endemain
endoctriner	endoctriner
endormie	endormie
endormir	endormir
endroit	endroit
enduire	enduire
endurer	endurer
enemi	ennemi
enermi	enermi
enfance	enfance
enfant	enfant
enfantosmer	enfantômer
enfer	enfer
enfermer	enfermer1
enfermerie1	enfermerie
enfermeté1	enfermeté1
enferrer	enferrer
enflamer	enflammer
enfler	enfler
enföir2	enfouir
enfondre	enfondre1
enforcier1	enforcer1
enforester	
enfraindre	enfreindre
enfrener	enfrener
engagier	engager
engignier1	engigner
engignos	ingénieux
engin	engin
englaiver	
engraignier	engraigner1
engrès	engrès
engresser	engresser1
engresté	engresseté
enhaïr	enhaïr
enhaitier	enhaitier
enhardir	enhardir
enhatie	enhatie
enhatine	
enhatir	
enivrer	enivrer
enjoindre	enjoindre
enjornee	
enjorner	
enlacier	enlacer
enluminement	enluminement
enluminer	enluminer
enmaler	enmaller
enmurer	emmurer
ennegier	
enoiier	ennuyer
enoindre	enoindre
enoios	ennuyeux
enoliier	enhuiler
enombrer	enombrer
enorter	enhorter
enquerre	enquérir
enqueste	enquête
enraciner	enraciner
enragier	enrager
enraisnier	enraisnier
enredie	
enrievre	enrievre
enröillier	enrouiller
ensancmesler	sangmêler
ensanglenter	ensanglanter
ensëeler	ensceller
enseigne	enseigne
enseignement	enseignement
enseignier	enseigner
enseing	
enseler	enseller
ensement	ensement
enserir	
enserrer	enserrer
entaillier	entailler
entalenter	entalenter
entaschier	entâcher
entasser	entasser
ente	ente1
entechier	entacher
entencïon	intention
entendre	entendre
entendue	entendue
entente	entente
ententif	ententif
enterin	entérin
enterrer	enterrer
enteser	entoiser
entester	entêter
entier	entier
entoschement	entoschement
entoschier	entoschier
entracointier	entraccointer
entracoler	entraccoler
entracompagnier	entraccompagner
entracorder	entraccorder
enträerdre	entraerdre
entrafoler	entraffoler
entraille	entrailles
entrait	entrait
entramer	entraimer
entraper	entrapper
entraprochier	entrapprocher
entraraisnier	
entrassalir	entrassaillir
entravenir	entravenir
entraverser	entraverser
entrebaisier	entrebaiser
entrebatre	entrebattre
entrebender	entrebander
entrecomander	
entrecombatre	entrecombattre
entreconjöir	entreconjouir
entreconoistre	entreconnaître
entrecontrariier	entrecontrarier
entrecosdre	
entredire	entredire2
entredoner	entredonner
entredoter	
entree	entrée
entrefaire	entrefaire
entreferir	entreférir
entrehäir	entrehaïr
entrelaiier	entrelaier
entrelais	entrelais
entrelaissier	entrelaisser
entrelarder	entrelarder
entrelaz	entrelacs
entrembatre	
entremetre	entremettre
entrempirier	
entrencontrer	entrencontrer
entrenväir	
entrenvïer	
entrepaiier	
entreprendre	entreprendre
entrer	entrer
entresalüer	entresaluer
entreseigne	entresigne
entreslaissier	
entresloignier	entréloigner
entrespargnier	
entresprover	
entressaiier	entressayer
entretenir	entretenir1
entrevenir	entrevenir
entrevëoir	entrevoir
entroblïer	entroublier
entrocire	entroccire
entröir	entrouïr
entroverture	
entrueil	entroeil
enuble	
enubler	ennubler
enui	ennui
enuie	ennuie
enväie	envahie
enväir	envahir
envers1	envers1
enverser	enverser
envïaille	
envïal	envial
envie	envie
envïos	envieux
envoiier	envoyer
envoisëure	envoisure
envoisier	envoiser
envoleper	envelopper
erbe	herbe
ermin	hermin
ermine	hermine
erminete	herminette
ermitage	ermitage
ermite	ermite
erraument	erramment
erre3	erre1
errer2	errer1
es1	es1
esbäir	ébahir
esbanoiier	esbanoyer
esbatre	ébattre
esbaudir	ébaudir
esblöir	éblouir
esböeler	ébouler
esbolir	esbouillir
esbräoner	embraonner
esbruire	ébruire
escachier	escacher
escamonie	scammonée
escarlate	écarlate
escarteler	écarteler
escerveler	écerveler
eschace	échasse
eschacier1	échassier
eschaitiver	eschaitivé
eschame	eschame
eschange	échange
eschaper	échapper
escharboncle	escarboucle
eschargaite	échauguette
eschargaitier1	echarguetter
escharnir	escharnir
eschars	eschars
eschaufer	échauffer
esche	esche
eschec1	échec
eschequier	échiquier
escheveler	écheveler
eschevin	échevin
eschevir2	
eschiele1	échelle
eschine	échine
eschiver	esquiver
escïence	escience
escïent	escient
escïentre	
esclarcir	éclaircir
esclat	éclat
esclater	éclater
esclavon	esclavon
esclicier	éclisser
esclo	esclot
escloper	écloper
esclore	éclore
escofle	escoufle
escole1	école
escondire	escondire
esconser	esconser
escorce	écorce
escorchier	écorcher
escorgiee	escourgée
escorser	escourser
escot2	écot
escot3	écot3
escouter	écouter
escover	écouver
escremie	escremie
escremir	escremir
escrever	escrever
escrïer	écrier
escring	écrin
escrire	écrire
escrit	écrit
escrois1	escrois
escu	écu
escüele	écuelle
escuier2	écuyer
escumer	écumer
escurueil	écureuil
escuser2	excuser
esfacier	effacer
esforcier1	efforcer1
esforcier2	efforcer2
esforz1	effort2
esforz2	effort1
esfrëer	effrayer
esfrëor	effrayeur
esfroi	effroi
esfrois	
esfronter	effronter
esgarder	égarder
esgarer	égarer
esgart	égard
esgratiner	égratigner
esgruner	esgrumer
esjëuner	esjeuner
esjöir	éjouir
eslais	eslais
eslaisier	eslaisier
eslaissier	eslaisser
eslëecier	esliesser
eslever	élever
esligier	esliger1
eslire	élire
eslite	élite
eslochier	élocher
esloignier	éloigner
esloissier	
esmai	émoi
esmaiier	esmayer
esmal1	émail
esmer	esmer
esmeraude	émeraude
esmerer	esmerer
esmerillon	émerillon
esmiier	émier
esmoudre	émoudre
esmovoir	émouvoir
espace	espace
espaignol	espagnol
espan	espan
espandre	épandre
espanois	
espardre	espardre
espargnier	épargner
esparree	
espart	espart
espartir	espartir
espaule	épaule
espece	épice
espee	épée
espelir	épelir
espens	espens2
esperance	espérance
esperdre	éperdre
esperer	espérer
esperit	esprit
esperitable	espiritable
esperital	espirital
esperon	éperon
esperoner	éperonner
espès	épais
espessement	épaissement2
espie3	espie1
espiet	épieu
espiier1	épier
espine	épine
espir	espir
espirer1	expirer
esploit	exploit
esploitier	exploiter
espöentable	épouvantable
espöenter	épouvanter
espoir1	espoir1
espoir2	espoir2
espondre	espondre
espos	époux
esposaille	épousailles
espose	épouse
esposer2	épouser
esprendre2	éprendre
esprevier	épervier
espröon	esprohon
esprover	éprouver
esprueve	épreuve
espuisier	épuiser
esquinance	esquinance
esrere	esrere
essai	essai
essaiier	essayer
essart	essart
essarter	essarter
essaucier	exhausser
essemplaire2	exemplaire
essil	exil
essillier	exiler
essoigne	essoine
essor	essor
essorable	
essorbir	
essordre	essourdre
essorer	essorer
essuier	essuyer
estable1	estable1
estable2	étable
establer1	établer
establir	établir
estache	estache
estachier	estacher
estage2	étage
estal1	étal
estanchier	étancher
estandart	étendard
estaper	
estature	stature
estaucier	
esté1	été
esteindre	éteindre
esteler2	étoilé
estencele	étincelle
estenceler	étinceler
estendre	étendre
ester	ester
esterlin	esterlin
esternüer	éternuer
estive1	estive3
estoc	estoc1
estoile	étoile
estoire1	histoire
estoner	étonner
estoper	étouper
estor2	estour
estordir	étourdir
estordre	estordre
estormir	estourmir
estout	estout
estoutement	estoutement
estoutoiier	estoutoyer
estovoir1	estovoir
estovoir2	estovoir
estraier1	estrayer2
estraim	estrain
estraire	extraire
estrange	étrange
estrangement	étrangement
estrangier2	étranger2
estrangler	étrangler
estre1	être1
estre2	être2
estre3	être3
estrecier	étrécier
estreindre	étreindre
estreine	étrenne
estrieu	étrier
estrif	estrif
estrillier	étriller
estriver	estriver
estriviere	étrivière
estrognier	estronner
estroit	étroit1
estroitement	étroitement
estros	
estrosseement	estroussément
estrosser2	estrousser
estruire2	estruire
estrument	estrument
estuide	étude
estuiier	étuyer
estuve	étuve
estuver	étuver
esveil	éveil
esveillier	éveiller
esvertüer	évertuer
ëur	heur
ëurer	heuré
evage	evage
evangile	évangile
eveschié	évêché
evesque	évêque
fäaison	faaison
fable	fable
fablëor	fableur
face	face
façon	façon
faconde	faconde
façoner	façonner
faille3	faille1
faim	faim
faire	faire
fais	faix
faisan	faisan
faisnier	faisnier
fait1	fait
faitiz	faitis
faiture	faiture
falir	faillir
falise	falaise
fameillos	fameilleux
fantosme	fantôme
fauchier1	faucher
faucon	faucon
faudestuel	fauteuil
faunoiier	faunoyer
faus	faux2
fausser	fausser
fausseté	fausseté
faute	faute
fautre	fautre
fauture	
fauve	fauve
fauz	faux1
feblece	faiblesse
fee1	fée1
fein	foin
feindre	feindre
feintié	feintié
feintise	feintise
felon	félon
felonessement	félonessement
felonie	félonie
feme	femme
femier	fumier
fendre	fendre
fener	faner
fenestre	fenêtre
fenir	finir
fenis	phénix
fenoil	fenouil
fëon	faon
fer	fer
ferain	férin
ferëiz	féris
ferir	férir1
ferm	ferme2
fermail	fermail
fermaillet	fermaillet
fermer	fermer
ferrant	ferrant
ferrer	ferrer
ferrëure	ferrure
feste1	fête
festiier	festoyer
festu	fétu
feu	feu1
fëu	feu2
feuchiere	fougère
fevre	fèvre
fi2	fi1
fïance	fiance
fïancier	fiancer
fichier	ficher
fief	fief
fiel	fiel
fier	fier1
fïer	fier2
fierce1	fierge
fierement	fièrement
fierté	fierté
figue	figue
fil1	fil
fil2	fils
fille	fille1
fin1	fin1
fin2	fin2
finer	finer
fisiciien	physicien
flair	flair
flamboiier	flamboyer
flame	flamme1
flanc	flanc
flat	flat1
flatir	flatir
fläute	flûte
fläuter	flûter
fleche	flèche1
flor1	fleur1
florete	fleurette
florir	fleurir
flot2	flot2
flote3	flotte2
floter	flotter
flueve	fleuve
flum	flum
foi1	foi1
foible	faible
foiblement	faiblement
foie1	foie
foiiee	
foillier1	feuiller1
foillu	feuillu
foimentie	foimenti
foire1	foire1
foison	foison
foiz	fois
fol3	fou1
folage2	folage
fole	foule
folement	follement
folet	follet
folie2	folie
foloiier	foloyer
fonde1	fonde1
fondelment	fondaument
fonder2	fonder1
fondre	fondre1
fontaine	fontaine
fontenele	fontenelle
fonz	fond
for	four
forbir	fourbir
force1	forces
force2	force
forclore	forclore
forclose	
forçoiier	forçoyer
forest	forêt
forfaire	forfaire
forfait	forfait
forge	forge1
forgier	forger
forlignier	forligner
formage	fromage
forme	forme
forment1	fortement
forment2	froment
former	former
formiier	fourmiller
fornaise	fournaise
fornir	fournir
forrer2	fourrer2
forrëure2	fourrure
forsen	forsen
forsenage	forcenage
forsener	forcener
forstraire	fortraire
fort	fort
forterece	forteresse
fortune	fortune
forvoiier	fourvoyer
fosse	fosse
fossé	fossé
foudre	foudre1
foudroiier	foudroyer
fraindre	fraindre
fraisne	frêne
fraite	fraite
franc1	franc2
franchement	franchement
franchir	franchir
franchise	franchise
françois	français
frarin	frarin
frein	frein
fremir	frémir
frengiee	
frëor	frayeur1
frere	frère
frestele	frételle
froc	froc
froidure	froidure
froiier	frayer1
frois1	frais2
frois2	froïs
froissëiz	froissis
froissier	froisser
froit1	froid
front	front
fruit	fruit
fueille	feuille
fuer2	fuer
fuerre1	feurre
fuerre2	fuerre
fuie	fuie1
fuir	fuir
fum	
fumer	fumer1
fun	
fust1	fût
gäaignerie	gagnerie
gäaignier	gagner
gäaing	gain1
gaber	gaber
gabois	gabois
gage	gage
gai	gai
gaignon	gaignon
gäin2	gain2
gaite	guette
gaitier	guetter
galee2	galée1
galerne	galerne
galois	
galoner	galonner1
galop	galop
galoper	galoper
gambesier	gamboisé
gap	gab
garant	garant
garantir	garantir
garce	garce
garçon	garçon
garçonaille	garçonnaille
garçonier	
garde	garde2
garder	garder
garir	guérir
garison	guérison
garlandesche	
garnement	garnement2
garnir	garnir
gast1	gast1
gast2	gast2
gastel	gâteau
gaster	gâter
gaudine	gaudine1
gaut2	gaut
gelee	gelée
geler	geler
geme	gemme
gemé	gemmé
geneste	geneste1
genoil	genou1
genoivre	genièvre
gent1	gent1
gent2	gent2
gentil	gentil1
gentillece	gentillesse
germain	germain
germe2	germe1
geste2	geste
geude	guilde
gibecier	gibecer
gibier	gibier
giel	gel
gigue	gigue
giguer1	giguer
gingembre	gingembre
girfauc	gerfaut
girofle	girofle
gisarme	guisarme
giste1	gîte
glace	glace
glacier	glacier2
glai	glai1
glaive	glaive
glas	glai2
glatir	glatir1
gloire	gloire
glorïos	glorieux
gloser	gloser
gloton	glouton
glui	glui
gocet	gousset
gole	gueule
golee	goulée
goloser	gouloser
gonfanon	gonfalon
gont	gond
gorge	gorge
gort	gord
goster	goûter1
gote	goutte1
goté	goutté
goz	goz
gräal	graal
grace	grâce
gracïos	gracieux
gräillier	griller
graine	graine
graisle	grêle3
granment	grandement
grant	grand
grape2	grappe1
grater	gratter
gravele	gravelle1
gravier	gravier1
gré	gré1
grec	grec
gregois	grégeois
grenade	grenade
grenon	grenon
gres2	grès
gresle	grêle1
gresler	grêler1
grevain	grevain
greve1	grève2
grever	grever
grevos	greveux
grief	grief1
grieu	grec
grifain	grifain
grifon	griffon
gringalet	gringalet
gris	gris
groigniee	groignée
groin	groin
grondre	grondre
gros	gros
grue	grue
gruier1	gruyer2
gué	gué
guenche	guenche
guenchir	guenchir
guerpir	guerpir
guerre	guerre
guerredon	guerdon
guerredoner	guerdonner
guerroiier2	guerroyer1
guiche	guiche
guichet	guichet
guile	guile
guilëor	
guiler	guiler
guimple	guimpe
guische	
guise	guise
guivre1	guivre
hache	hache1
haie1	haie1
häine	haine
häir	haïr
hairon	héron
haitieement	haitement
haitier	haité
hanap	hanap
hanche	hanche
hanste	hanste
hanstier1	
haper	happer
hardement	hardement
hardi	hardi
hardïement	hardiment
harigot	harigot
harigoter	harigoter
harnois	harnais
harpe	harpe1
hart	hart
hasart	hasard
hasle	hâle
haste2	hâte
haster	hâter
hastivement	hâtivement
haterel	haterel
hauberc	haubert
haucier	hausser
haut	haut
hautece	hautesse
hautement	hautement
have	have2
heaume	heaume
herbergerie	hébergerie
herbergier	héberger
herberjage	hébergeage
herce	herse
hercëor	herseur
hercier	herser
hericier	hérisser
hie1	hie2
hiraut	héraut
hisdos	hideux
hochier	hocher
honir	honnir
honte	honte
hontos	honteux
hontosement	honteusement
hoquerel	hoquerel
huchier1	hucher
hui	hui1
huier	huer
hupe	huppe
hurter	heurter
idropique	hydropique
if	if
igal	égal	// ivel2
igaument	également2
image	image
inde1	inde
ipocrisie	hypocrisie
ipocrite	hypocrite
iraistre	iraistre
ire	ire
iretage	héritage
ireter	hériter1
irieement	irément
irié	iré
irois2	irois
iror	ireur
iros	ireux
isle	île
isnel	isnel
isnelement	isnellement
issir	issir
issue	issue
ive	ive2
iver2	hiver
iverner	hiverner
ivoire	ivoire
ivre	ivre
jäelise	
jagonce	jagonce
jai2	geai
jaiant	géant
jalos	jaloux
jalosie	jalousie
jambe	jambe
jambeter	jambeter
jangle	jangle
janglëor	jangleur
jangler	jangler
jante1	jante1
jardin	jardin
jart1	jart2
jaune	jaune
javelot	javelot
jesir	gésir
jet	jet
jeter	jeter
jeu	jeu
jëuner	jeûner
jöe	joue1
jöee	jouée
jöer	jouer
joglëor	jongleur
joiant	joyant
joie	joie
joindre	joindre
jointe	jointe
jointure	jointure
joios	joyeux
jöir	jouir
jonc	jonc
jonchier	joncher1
joneté	
jor	jour
jornee	journée
jornel	journal
joste2	joute
jostëor	jouteur
joster	jouter
jovencel	jouvenceau
juene	jeune
jugement	jugement
jugier	juger
juignet	juignet
jüin	juin
jüise	juise
jurer	jurer
justice	justice
justicier2	justicier2
labor1	labeur
lac2	lac
lacier	lacer
lai1	lai2
laidement	laidement
laidengier	laidenger
laidir	laidir
laidoiier	laidoyer
laidure	laidure
laiier2	layer1
laine	laine
laisarde	lézarde
laissier	laisser
lait1	laid
lait2	lait2
lait3	lait1
lame	lame1
lampe	lampe1
lamproie	lamproie
lance	lance1
lancier3	lancer
lande1	lande1
langage	langage
lange	lange1
langue1	langue
languir	languir
lanterne	lanterne1
lardé	larder
large	large
largece	largesse
largement	largement
larme	larme
larrecin	larcin
larriz	larris
larron	larron1
las	las
laschet	
lasser	lasser
late	latte
latin	latin
laver	laver
laz1	lacs
lé	lé
lëal	loyal
lëaument	loyalement
lëauté	loyauté
lechëor	lécheur
lëece	liesse
legat1	légat1
legier	léger
legierement	légèrement
leitüaire	électuaire
lent	lent
letre	lettre
letré	lettré
levain	levain
lever	lever
levre	lèvre
levrier	lévrier
lez	lez
lice2	lice1
lié1	lié
lieement	liément
liepart	léopard
lieu	lieu1
lieue	lieue
lieuee	lieuée
lievre	lièvre1
lige	lige
lignage	lignage
ligne2	ligne
liien	lien
liier3	lier
limon1	limon2
lin	lin1
ling2	lin2
lïon	lion
lire1	lire1
lis	lis
listé	listé
lit1	lit
litiere	litière
livre2	livre1
livre3	livre2
livrer	livrer
livroison	livraison
lobe	lobe
lobëor	lobeur
lober	lober
löenge	louange
löer1	louer1
löer2	louer2
loge	loge
logier	loger
loi3	loi1
loigne	longe2
loiier	loyer
lointain	lointain
lois	louche2
loisir1	loisir2
loisir2	loisir1
lonc	long
longement	longuement2
lorain	lorain
lorier	laurier
los1	los1
losenge2	losenge
losengerie	losengerie
losengier1	losengier1
losengier2	losenger
lou	loup
luiserne	luiserne
luisir	luire1
luite	lutte
luitier	lutter
luiton	luiton1
lumiere	lumière
luminaire	luminaire
lune	lune
lüor	lueur
luz	lus
mace	masse2
machet	machet
maçon	maçon
maçüe	massue
mahaignier	mahaigner
mahaing	mahaing
mai	mai
maigle	maigle
maigre	maigre1
mail	mail
maille	maille1
maillier1	mailler1
maillier2	mailler3
main1	main2
main2	main1
maintenëor	mainteneur
maintenir	maintenir
mairrien	merrain
maisiere	maisière
maisniee	maisnie
maison	maison
maisonete	maisonnette
maissele	maisselle
maistre	maître2
maistrie	maîtrie
major	maire1
mal1	mal3
malade	malade
malage	malage
malaise	malaise
malaventure	malaventure
male2	malle
malëir	maléir
malement	malement
malëuré	malheuré
malëuros	malheureux
malëurté	malheurté
malot	malot
mamele	mamelle
manaie	manaie
manche2	manche2
mandement	mandement
mander	mander
mangëoire	mangeoire
mangier	manger
mangonel	mangonneau
maniere	manière
maniier	manier1
manoir1	manoir2
manoir2	manoir1
mantel	manteau
marbre	marbre
marbrin	marbrin
marc1	marc1
marche1	marche2
marchëandise	marchandise
marchëant	marchand
marchier2	marcher1
marchir2	marchir1
mari	mari
marïage	mariage
marïer	marier
marine	marine
marinier	marinier
marrir	marri
marsdi	mardi
martel	marteau
martelëiz	martelis
marteler	marteler
martir	martyr
martire2	martyre1
masle	mâle
maslet	
masse	masse1
massiz	massis
mastin	mâtin
mat1	mat1
mat2	mat2
matement	matement
mater	mater1
matiere	matière
matin1	matin
matin2	matin
matinee	matinée
matines	matines
matinet	matinet
maubaillir	maubaillir
maudehé	dehé
maudire	maudire
maufé	maufé
maumetre	malmettre
mautalent	maltalent
mautalentif	maltalentif
mauvais	mauvais
mauvaisement	mauvaisement
mauvaistié	mauvaiseté
mechié	
mecine	mécine
meciner	méciner
medecine	médecine1
medeciner	médiciner
meillor	meilleur
melancolie	mélancolie
melide	
membre	membre
membrer2	membrer
memoire	mémoire
menace	menace
menacier	menacer
mencïon	mention
mençogne	mensonge
mençognier2	mensonger
mener	mener
menestrel	ménestrel
mentastre	menthastre
mentevoir	mentevoir
mentir	mentir
menton	menton
menu	menu
menüement	menuement
mer	mer
merci	merci
mercïer	mercier2
mere	mère
merir	mérir
merite	mérite
merme	
merveille	merveille
merveillier	merveiller
merveillos	merveilleux
mes4	mets
mesäaisier	mésaiser
mesäesmer	mésesmer
mesaise	mésaise
mesavenir	mésavenir
mesaventure	mésaventure
mesaventuros	mésaventureux
meschëance	méchance
meschëoir	méchoir
meschief	méchef
meschin	meschine
mesconoissance	méconnaissance
mesconoistre	méconnaître
mesconter	mécompter
mescrëance	mécréance
mescroire	mécréant
mesdire	médire
mesestance	mésestance
mesfaire	méfaire
mesfait	méfait
meslee	mêlée
mesler	mêler
mespois	
mesprendre	méprendre
mesprisier	mépriser
mesprison	méprison
message	message1
messagier	messager
messe	messe
mestier	métier
mesure	mesure
mesurer	mesurer
metable	mettable
metre2	mettre
mëur	mûr1
miäost	mi-août
miche	miche
midi	midi
mie1	mie3
miel	miel
mïenuit	minuit
mieus	mieux
milier	millier1
milieu	milieu
mine2	mine6
miracle	miracle
mire1	mire1
mirëor	miroir
mirer	mirer1
mirgie	
mirre	myrrhe
misericorde	miséricorde
mitre	mitre1
mivoie	mi1
möe2	moue
moillier1	mouiller
moine1	moine
moinsné	moinsné
moire	
mois2	mois
moitié	moitié
moiuel1	moyeu2
moiuel2	moyeu1
mol	mou
moleste2	moleste1
molin	moulin
monde1	monde1
monde2	monde2
monoie	monnaie
mont	mont
montaigne	montagne1
monte	monte
montee	montée
monter	monter
mor1	maure
mordre1	mordre
mordre2	meurtre
mordrier	meurtrier
moré1	
more4	mûre
morel1	moreau
morir	mourir
morne	morne1
mors1	moeurs
mors2	mors
morsel	morceau
mort	mort1
mortalité	mortalité
mortel	mortel1
mortier	mortier
mosse1	mousse1
mossu	moussu1
mostier	moutier1
mostrer	montrer
mot	mot
moudre1	moudre1
moutepliier	multiplier
mouton	mouton1
movoir	mouvoir
mu1	mu
müance	muance
müe	mue
mueble	meuble
müel	muel
muele	meule
müer	muer
müet	muet
mui	muid
mule5	mule1
mur	mur
murer	murer
murmure	murmure
murmurer	murmurer
musardie	musardie
musart	musard
muscade	muscade
muse3	muse3
muse4	muse2
muser1	muser1
musique2	musique
que2/3	que
nacele	nacelle
nagëor	nageur
nagier	nager
näif	naïf
nain	nain
naissance	naissance
naistre	naître
naje	_naje
nape	nappe
nasel	nasel
nate2	natte
nativité	nativité
nature	nature
naturel	naturel
navie	navie
navrer	navrer
nëel1	neel
nëeler	nieller1
nef2	nef1
negier	neiger
nercir	noircir
nerf	nerf1
nés	nez
net	net
nevo	neveu
nice	nice
nicement	nicement
niece	nièce
nïent	néant
nigremance	nigromance
no1	noeud
nöaus	noals
noble1	noble1
noblece	noblesse
noces	noce
noçoiier	noçoyer
nöer1	noer1
nöer2	nouer
noif	noif
noiier1	noyer2
noiier2	nier
noir	noir
noise	noise1
noisier	noiser
noiz	noix
nom	nom
nombre	nombre
nombrer	nombrer
nombril	nombril
nomer	nommer
nonchaloir	nonchaloir
noncier1	noncer
none1	nonne
none2	none
nonsavoir	non-savoir
normant	normand
norois	norois
norreture	nourriture
norrice	nourrice
norrir	nourrir
noter	noter
notonier	nautonier
novel	nouveau
novele	nouvelle
novelement	nouvellement
novelier2	nouvellier
novice	novice
nu	nu
nüe	nue
nuef2	neuf1
nuire	nuire
nuisement	nuisement
nuit	nuit
obedïence	obédience
obëir	obéissant
obli	oubli
oblïer	oublier
oblïos	oublieux1
ochaison	ochaison
ochoisoner	ochoisonner
ocire	occire
ocisïon	occision
odor	odeur
ofrende	offrande
ofrir	offrir
ogre	
oïe	ouïe
oignement	oignement
oindre	oindre
oir	hoir
öir	ouïr
oisel	oiseau
oiseler	oiseler
oiselet	oiselet
oisos	oiseux
oisose	oiseuse
oiste	oiste
ole	ole
olifant	olifant
olivier1	olivier1
oloir	oloir
omage	hommage
ombrage1	ombrage
ombre	ombre1
ombroiier	ombroyer
ome	homme
omecide	homicide1
once2	once
oncle	oncle
onde	onde
ongier2	ongier1
ongle	ongle
onor	honneur
onorable	honorable
onorer	honorer
oposer	opposer
oposicïon	opposition
or1	or1
orage	orage
oraille	oraille
oraison	oraison
orce	orse
ordre	ordre
ordure	ordure
oré2	oré2
ore3	heure
oreille	oreille
oreillier1	oreiller2
oreillier3	oreiller1
orer2	orer
orfenin	orphelin
orfrois	orfroi
orge	orge
orgene	orgue
orgoillier	orgueiller
orgoillos	orgueilleux
orgoillosement	orgueilleusement
orgueil	orgueil
orïent	orient
orinail	urinal1
orine3	orine1
orine4	urine
orler	ourler
orme	orme
orrible	horrible
ors	ours
ort	ord
orteil	orteil
os1	os2
os2	os1
osche	osche
oscur	obscur
oscurer	obscurer
oscurté	obscurté
oser	oser
ospital	hôpital
ost	ost
ostage2	otage
oste	hôte
ostel	hôtel1
osteler	hosteler
oster2	ôter
osterin	osterin1
ostesse	hôtesse
ostoiier1	ostoyer1
ostor	autour1
otroi	octroi
otroiier	octroyer
outrage	outrage
outrajos	outrageux
outreement	outrément
outrer	outrer
ovraigne	ouvraigne
ovrëor1	ouvreur2
ovrer	oeuvrer
ovrier1	ouvrier
ovrir	ouvrir1
pacïence	patience
paie	paie
paiement	paiement
paiier	payer
paile	poêle1
paille	paille
pain	pain
paire	paire
pais	paix
päis	pays
päisant	paysan
paisible	paisible
paistre	paître
palais	palais1
pale	pâle
palefroi	palefroi
palir	pâlir
paliz	palis
palüer	
pan1	pan1
panel	panneau
panetier	panetier1
päonaz	paonasse
pape	pape
papegai	papegaut
paradis	paradis
parage	parage1
parc	parc
parclore	parclore
parclose	parclose
parçonier	parçonnier
pardon	pardon
pardonable	pardonnable
pardoner	pardonner
pareil	pareil
parement	parement1
parent	parent
parer1	parer1
parfaire	parfaire
parfiner	parfiner
parfit	
parfitement	
parfont	parfond
parigal	parégal
parjur	parjure1
parjurer	parjurer
parlement	parlement
parler	parler
parlier	parlier1
paroi2	paroi
paroir	paroir1
paroisse	paroisse
parole	parole
parrastre	parâtre
part1	part1
partie	partie
partir	partir
parvenir	parvenir
pas	pas2
pasmaison	pâmoison
pasmer	pâmer
passage	passage
passejoie	
passemervoille	
passer1	passer1
passet	passet
past2	past1
paste	pâte
pasté	pâté
pasture1	pâture1
pasturer	pâturer
paternostre	patenôtre
paume1	paume
paumeton	paumeton
paveillon	pavillon
pavement	pavement
paver	paver
pavo	pavot
pëagier1	péagier
pechëor	pécheur
pechié	péché
pechier	pécher
peçoiier	peçoyer
peigne	peigne
peignier	peigner
peindre1	peindre
peine	peine
peinture	peinture
pejor	pire1
pel1	pal
pel2	peau
peler2	peler
pelice	pelisse
peliçon	pelisson
pendant	pendant1
pendre	pendre
pene	panne1
pener	peiner
penitence	pénitence
penon	pennon1
pens	pens
pensé	pensé
pensee	pensée1
penser	penser
pensif	pensif
pentecoste1	pentecôte
pëoillos	pouilleux
pëor	peur
per	pair
perche1	perche2
perche2	perche1
percier	percer
perçoivre	percevoir
perdicïon	perdition
perdre	perdre
perdriz	perdrix
pere1	père
perece	paresse
pereços	paresseux
peril	péril
perillier	périller
perillos	périlleux
perir	périr
perle	perle
perriere2	perrière
perrin	perrin
perron	perron1
pers	pers
perte	perte
pertuis	pertuis
pervers	pervers
pesance	pesance
peschëor	pêcheur
peschier2	pêcher1
peser	peser1
pesme	pesme
petit	petit
petitet	petitet
pic2	pic1
pié	pied
piece	pièce
piege	piège1
piere	pierre
pïeté	piété
pilori	pilori
piment	piment
pin	pin
pis1	pis2
pitié	pitié
pitos	piteux
pitosement	piteusement
piu	piu
piz	pis1
place	place1
plaidier2	plaider
plaidoiier	plaidoyer1
plaie	plaie
plaigne	plaine
plaiier	player
plain	plain
plaindre	plaindre
plainte	plainte
plaire	plaire
plaisance	plaisance
plaisir	plaisir
plaissëiz	plaissis
plaissié	plaissié
plaissier3	plaisser
plait	plaid
planche	planche
planer2	planer
planter	planter
plat	plat
plate	plate
pleige	pleige
plein	plein
plenier2	plénier
plenierement	plénièrement
plenté	plenté
plentëif	plentif
pleuris	pliris
plevir	plevir
ploiier	ployer
plon	plomb
plongier	plonger
plor	pleur
plorer	pleurer
plovier1	pluvier
plovoir	pleuvoir
pluie	pluie
plume	plume
plumer	plumer
pöesté	poësté
pöestëif	poesteif
poignal	poignal
poigniee	poignée
poil	poil
poindre	poindre
poing	poing
point	point2
pointe	pointe
pointure	pointure
poire	poire
pois1	pois
pois2	poids
poison	poison
poissance	puissance
poissant	puissant
poisson	poisson
poissonet	poissonnet
poitevin	poitevin
poitral	poitrail
poitrine	poitrine
poivre	poivre
polir	poli
pome	pomme
pomel	pommeau
pomelé2	pommelé
pon2	
pont	pont
pöoir	pouvoir2
popler2	peupler
publiier	publier
porc	porc
porchacier	pourchasser
porcuidier	
porete	porette
porfendre	pourfendre
porloignance	pourloignance
porloignier	pourloigner
porofrir	pouroffrir
porpens	pourpens
porpenser	pourpenser
porpoindre	pourpoindre
porpre	pourpre1
porprendre	pourprendre
porpris	pourpris
porquerre	pourquérir
porrir	pourrir
porsalir	poursaillir
port2	port1
porte1	porte1
portendre	pourtendre
porter	porter1
portier2	portier1
portraire	portraire
portrait	portrait
porvëoir	pourvoir
postel	poteau
posterle	poterne
pot	pot
poucin	poussin
poudre	poudre
poudriere	poudrière
pous3	pouls1
poverte	poverte
povre	pauvre
povrement	pauvrement
povreté	pauvreté
präel	préau
präelet	praëlet
präerie	prairie
pré	pré
precïos	précieux
pree	prée
prëechëor	prêcheur
prëechier	prêcher
prelat	prélat
premerain	premerain
premier	premier1
premierement	premièrement
prendre	prendre
present1	présent1
present2	présent2
presenter	présenter
presse	presse1
prest1	prêt2
prest2	prêt1
prester	prêter
prestre	prêtre
prevost	prévôt
prïor	prieur1
priier	prier
priiere	prière
prime	prime1
prince	prince1
pris1	prix
prise2	prise
prisier	priser1
prison	prison2
prisonier	prisonnier
privé	privé
priveement	privément
pro	prudhomme
processïon	procession
prochain	prochain
prochainement	prochainement
pröece	prouesse
profete	prophète
proie	proie
promesse	promesse
prometre	promettre
prone	prone1
proposer	proposer
propre	propre
provance	prouvance
prover	prouver
proverbe	proverbe
provoire	provoire
prueve	preuve
pucelage	pucelage
pucele	pucelle
pucelete	pucelette
pueple	peuple1
pui	puy
püir	puir
pur	pur
put	put
putage	putage
querele	querelle
quereler	quereller
querre	quérir
queste	quête
queu2	queux1
queuz	queux2
quintaine	quintaine
quinzaine	quinzaine
quite	quitte
quitëé	quiétée
quitement	quittement
quiter	quitter
rabat	rabat
rachat	rachat
rachater	racheter
racheminer	racheminer
racine	racine
racorder	raccorder
rade	rade1
radoucir	radoucir
räençon	rançon
rafïer	raffier
rage	rage
ragencier	ragencer
ragenoillier	ragenouiller
ragif	
rai	rai1
raiier	rayer3
raim	raim
raisnable	raisnable
raison	raison
raler	raller
ralöer	ralouer
ramee	ramée1
ramener	ramener
ramentevoir	ramentevoir
ramper	ramper
rampone	ramponne
ramponer	ramponner
ramponos	ramponneux
rancune	rancune
randon	randon
randoner	randonner
räoncle	raoncle
räoncler	
rapaiier	rapayer
rapeler	rappeler
rapenser	rapenser
rapoiier	rappuyer
raporter	rapporter
raprendre	rapprendre
raprester	rapprêter
raspé	rapé1
rassembler	rassembler
rassenser	rassenser
rassëoir	rasseoir
rassëurer	rassurer
rassöagier	rassouager
rat1	rat
ratorner	ratourner
ravine	ravine
raviser	raviser2
ravoiier	ravoyer
ravoir2	ravoir1
ré3	
rebaisier	rebaiser
rebatre	rebattre
rebender	rebander
reblecier	
reboissier	reboucher2
reboter	rebouter
receler	recéler
recerceler	recerceler
recesser	
recet	recept
receter	récepter
recevoir	recevoir
rechanceler	
rechëoir	rechoir
rechief	derechef
rechignier	rechigner
reclaim	reclaim
reclamer	réclamer
reclore	reclore
reclus	reclus
recoi2	recoi1
recoillir	recueillir
recomander	recommander
recomencier	recommencer
reconfort	réconfort
reconforter	réconforter
reconjöir	
reconoistre	reconnaître
reconquerre	reconquérir
reconter	reconter
recorder	recorder1
recorir	recourir
recorrocier	
recouchier	recoucher
recovrer	recouvrer
recovrier	recouvrier1
recovrir2	recouvrir1
recrëandise	récréandise
recroire	recroire
recuire	recuire
reculer	reculer
redelitier	
redemander	redemander
redemanter	
redemener	
redevoir1	redevoir2
redire	redire
redois	redois
redoloir	redolent1
redoner	redonner
redot	redout
redoter1	redouter
redrecier	redresser
reduire	réduire
reduit	réduit
refaire	refaire
referir	reférir
refermer	refermer
referrer	referrer
reflamboiier	reflamboyer
reforsener	
refraindre2	refreindre
refroidier	refroider
refuse	
refuser	refuser
regäaignier	regagner
regarder	regarder
regart	regard
regiber	regimber
regïon	région
regne	règne
regner	régner
regort	regort
regreter	regretter
reguignier	
rehäir	
reillier1	reiller
rein	rein
rejehir	rejehir
rejeter	rejeter
rejöer	
rejurer	rejurer
relaissier	relaisser
relasche	relâche
relaver	relaver
relenquir	relenquir
relever	relever
religïos	religieux
relignier	
relique	relique
relöer	
reluisir	reluire1
remanance	remanance
remanant	remanant
remander	remander
remanoir	remaindre
remembrance	remembrance
remembrer	remembrer
remenacier	
remener	remener
remetre	remettre
remirer	remirer
remonter	remonter
removoir	remouvoir
remüer	remuer
renaistre	renaître
renc	rang
renchëoir	renchoir
rencomencier	rencommencer
rendre	rendre
renge	range
rengier	ranger
rengignier	
renoiier	renier
renom	renom
renomee	renommée
renomer	renommer
renovelement	renouvellement
renoveler	renouveler
rensevelir	rensevelir
rente	rente
rentier	rentier
rentiz	
rentrer	rentrer
renuire	
rëont	rond
rëorte	réorthe
repaiier	repaier
repaire	repaire
repairier	repairer
repaistre	repaître
reparer	réparer
reparler	reparler
repasmer	repâmer
repentance	repentance
repentir	repentir
reperdre	reperdre
repeser	repeser
replorer	repleurer
repondre	repondre
repöoir	repouvoir
reporter	reporter
repos	repos
reposee	reposée
reposer	reposer
repostaille	repostaille
reprendre	reprendre
representer	représenter
repriier	reprier
reproche	reproche
reprochier1	reprocher
reprover	réprouver2
requerre	requérir
requeste	requête
requiter	requitter
rere	rere
rés	ras
resalir	resaillir
resalüer	resaluer
resaner	resaner
resavoir	resavoir
resbaudir	resbaudir
resclarcir	réclarcir
rescondire	
resconser	resconser
rescorre	rescourre
rescosse	rescousse
rescrïer	recrier
resembler	ressembler
resforcier	refforcer
resjöir	réjouir
resmaiier	
resne2	rêne
resoignier	ressoigner
resoner1	résonner
resortir	ressortir1
resouder	ressouder
resovenir	ressouvenir
respasser	respasser
respit	répit
respitier	répiter
resplendir	resplendir
respondëor	répondeur
respondre1	répondre
respons	répons
response	réponse
ressaucier	ressaucier
ressuier	ressuyer
restendre	rétendre
restif	rétif
restorer	restaurer
restovoir	
restre	rêtre
restreindre	restreindre
resveillier	réveiller
resver	rêver
retarder	retarder
retemprer	retremper
retenal	retenal
retenir	retenir
retentir	retentir
retenüe	retenue
reter1	reter
retochier	retoucher
retolir	retolir
retor1	retour
retorner	retourner
retraire	retraire
retravaillier	
retrenchier	retrancher
retrespasser	
retrois	retrois
retronçoner	
retrover	retrouver
rëuser	ruser
revaloir	revaloir
revanter	
revelin	
revengier	revenger
revenir	revenir
revëoir	revoir
reverchier	revercher
revestir	revêtir
revivre	revivre
revoloir	revouloir
ribaut	ribaud
riche	riche
richece	richesse
richement	richement
rider	rider1
rien	rien
rimoiier1	rimoyer
rire	riant
ris1	ris
risee	risée
rissir	rissir
rivage2	rivage1
rive	rive
riverëor	
riverer	riviérer
riviere	rivière
ro	rau
robe	robe
robëor	robeur1
roberie	roberie
roche3	roche1
rochier1	rocher1
röe	roue1
röeillëiz	roeilleis
röeler	rouler
roge	rouge
rogir	rougir
roi1	roi2
roi2	roi1
roial2	royal
roiaume	royaume
roiauté	royauté
roidement	raidement
roie	raie3
roignos	rogneux1
roiier1	rayé
röille	rouille
röine1	reine1
roit1	raide
romain	romain
romanz	roman
rompre	rompre
ronce2	ronce
roncin	roncin
ronçoi	ronçoi
rongier2	ronger
röoignier	rogner
ros3	roux
rose	rose
rosin2	rosin1
rosseignol	rossignol
rost	rôt
rostir	rôtir
rote2	rote2
rote4	route
rover	rover
roverture	
rubi	rubis
rüe2	rue1
rüer	ruer
ruit	ruit
ruste	ruiste
sabelin	zibeline
sable1	sable2
sablon	sablon1
sac1	sac1
sachier	sacher
sacre2	sacre1
sacrefiier	sacrifier
sade	sade
sage	sage1
sagement	sagement
sagremor1	sycomore
saiete	sayette1
saignier	saigner
saillëor	sailleur
sain	sain1
sainement	sainement
saint1	saint
saintement	saintement1
saintisme	saintisme
saintüaire	sanctuaire1
sairement	serment
saisine	saisine
saisir	saisir
saison	saison
sale1	salle
sale2	sale
saler	salé1
salir2	saillir
salu	salut
salüer	saluer
sambüe	sambue
samedi	samedi
samit	samit
sanc	sang
saner	saner
sanglent	sanglant
sanglot	sanglot
sanglotir	sanglotir
sanguin	sanguine
santé	santé
säol	soûl
säoler	soûler
sardine1	sardoine
sarge	serge
sarrasin	sarrasins
sauf	sauf
saume	psaume
saumon	saumon
sausse	sauce1
saut2	saut1
sauter	sauter
sautier2	psautier
sauvage	sauvage
sauvagine	sauvagine1
sauvement1	sauvement1
sauvement2	sauvement2
sauvëor	sauveur
sauver	sauver
sauveté	sauveté
savoir	savoir1
sec	sec
secherece	sécheresse
sechier	sécher
secorcier	secorcier
secorre1	secourir
secors	secours
secré	secret
sëeler	sceller
seignier	signer
seigniere	
seignor	seigneur
seignorage	seigneurage
seignorie	seigneurie
sein	sein
seing	seing
sejor	séjour
sejorner	séjourner
sel	sel
sele	selle
semaine	semaine
semblance	semblance
semblant	semblant1
sembler	sembler1
semence	semence
semer1	semer
semondre	semondre
semonse	semonce
sen2	sens
sené	sené1
senefiier	signifier
seneschal	sénéchal
senestre	senestre
sengler	sanglier
senne	senne
sens	sens
sente2	sente1
sentele	sentelle
sentier	sentier
sentil	
sentir	sentir
sëoir	seoir
sepouture	sépulture
serein	serein2
serf	serf
seri2	seri1
serjant	sergent1
seror	soeur
serpent	serpent
serre2	serre1
serreement	serrément
serrer	serrer1
serrëure	serrure
servage	servage
servïable	serviable
servir	servir
servise	service
servitume	
sesne	saisne
sessoignois	saxonnois
sestier	setier
sëu	seü
sëur2	sûr
sëurement	sûrement
sëurté	sûreté
sevrer	sevrer
sidre	cidre
siecle	siècle
siege	siège
sifler	siffler
sifonie	symphonie
simple	simple
simplement	simplement
singe	singe
sinople	sinople
sirop	sirop
sivre	suivre
söatume	souatume
söavet	
soche	souche
sodainement	soudainement
söef	souef
sofler	souffler
sofraite	souffrète
sofrir	souffrir
sohaidier	souhaiter
sohait	souhait
soi2	soif1
soie2	soie
soigle	seigle
soillier	souiller
soing	soin
soir	soir
sol1	seul
solacier	solacier
solaz	soulas
soleil	soleil
solement	seulement
soler1	soulier
soloir	souloir
sombre1	sombre1
some1	somme3
some2	somme2
some3	somme1
someil	sommeil
someillier	sommeiller
somet	sommet
somier2	sommier1
son3	son1
soner	sonner
songe	songe
songier	songer
soper	souper2
sople	souple
soploiier	souployer
sor1	sor
sorcil	sourcil
sorcot	surcot
sorcuidance	surcuidance
sorcuidier	surcuider
sordire2	surdire
sordre	sourdre
sormener	surmener
sormonter	surmonter
sornom	surnom
sororer	surorer
sorplus	surplus
sorprendre	surprendre
sorquerre	surquérir
sort2	sourd
sorvenir	survenir
soschier	
soslever	soulever
sospeçon	soupçon
sospir	soupir
sospirer	soupirer
sospite	
sostenement	soutènement
sostenir	soutenir
sot	sot
sotil	subtil
sotilment	subtilement
sou	sou1
soudee	soldée
soudoiier1	soudoyer1
soudre	soudre1
souduire	souduire
soutain2	soltain
soute	soulte1
sovenir	souvenir1
soverain	souverain
sovin	souvin
süaire	suaire1
sucier	sucer
sueil	seuil
süer	suer1
suie	suie
süor1	sueur1
susciter	susciter
table	table
tablier2	tablier
tabor	tambour
tache	tache1
tachier	tacher
tai	tai
taille	taille
taillëoir	tailloir
taillëor	tailleur1
taillier	tailler
taindre	taindre
taire	taire
talent	talent
talentos	
talevaz	talevas
talon	talon
tamoir	temer
täon	taon
tapir	tapir
tapiz	tapis
tarder	tarder
targe1	targe
targier2	targer1
tarir	tarir
tart	tard
tas	tas
tasche2	tâche
tassel2	tasseau1
taster	tâter
tastons	tâtons
taverne	taverne
teindre	teindre1
teint	teint
tempeste	tempête
tempester	tempêter
temple1	tempe
temprer	temprer
tenant	tenant
tencier	tancer
tençon	tançon
tendre1	tendre2
tendre2	tendre1
tendron	tendron
tenir	tenir
tens	temps
tente1	tente1
tente4	tente3
tenve	tenve
terçuel1	tiercel
terdre	terdre
terme	terme
termine	termine
terre	terre1
terrïen	terrien1
tertre	tertre
tesillier	
tesmoignier	témoigner
tesmoin	témoin
test	test
teste	tête
testiere	têtière
texte	texte
tierce	tierce
timbre	timbre1
tïois	tiois
tire2	tire1
tirer	tirer
tirïaque	thériaque
tistre	tistre
tiule	tuile
töaille	touaille
tochier	toucher
töeil	touil
töeillier	touiller
toile	toile
toise	toise
toit	toit
tolir	tolir
tombe1	tombe
tomber	tomber
tondre	tondre
toner	tonner
tonoire	tonnerre
topace	topaze
tor1	taur
tor2	tour1
tor4	tour2
tor5	tour3
torbe1	tourbe1
torbillon	tourbillon
torble1	trouble2
torbler	troubler
torchepot	
torchier2	torcher
tordre	tordre
torment	tourment
tormente	tourmente
tormenter	tourmenter
torneböele	tournebouele
tornëiz	tournis
tornele1	tournelle1
torner	tourner
tornoi	tournoi
tornoiement	tournoiement
tornoiëor	tournoyeur
tornoiier	tournoyer
torsel	trousseau
torser2	trousser
tort1	tort2
tort2	tort1
tortiz	tortis
tortre2	
tossir	toussir
toute	tote2
trace1	trace1
tracier	tracer
träin	train
träiner	traîner
träir	trahir
traire	traire
träison	trahison
trait	trait2
träitor	traître
trametre	transmettre
tresmüer	tresmuer
trape	trappe1
travail	travail1
travaillier	travailler
travers	travers1
traverse	traverse1
traverser	traverser
trebuchet1	trébuchet
trebuchier	trébucher
trece	tresse
trecier2	tresser
tref2	tref2
tremble2	tremble
trembler1	trembler
trenchant	tranchant
trenchiee	tranchée
trenchier1	trancher
tresliz	treillis2
tresor	trésor
trespas	trépas
trespasser	trépasser
trespenser	trespenser
tresposer	
tressalir	tressaillir
tressüer	tressuer
trestorner	trestourner
trëu	treü
tribol	triboul
triboler	tribouler
trichëor	tricheur
tricherie	tricherie
trichier	tricher
trieue	trêve
trinité	trinité
triper	triper
triste	triste
tristece	tristesse
tro2	trou
tröer	trouer
trompe	trompe2
tron	trône
tronc	tronc
tronçon	tronçon
trons	trons
tropel	troupeau
trot	trot
troter	trotter
troton	trotton
trover	trouver
trufe	truffe
truite	truite
tüel	tuyau
tüer	tuer1
turcois	turquois
turc	
uef	oeuf
ueil	oeil
ues	ues
uevre	oeuvre
uis	huis
uitave	octave
uitovre	octobre
umain	humain
umble	humble
umblement	humblement
umelïant	humilier
umelïer	humilier
umelité	humilité
us	us
usage	usage
user	user
usure	usure1
vache	vache
vain	vain
vair1	vair
vair2	vair
vairié	vairé
vairon	vairon
vaironel	
vaissel	vaisseau
vaisselemente	vaissellemente
val1	val1
valee	vallée1
valet	
valoir	valoir
valor	valeur
vanité	vanité
vantance	vantance
vanter	vanter
vaslet	valet1
vassal	vassal
vasselage	vasselage
vavassor	vavasseur
vëer	véer
veille	veille1
veillier2	veiller
veine1	veine1
veinquëor	vainqueur
veintre	vaincre
veler1	voiler1
velu	velu
vendre	vendre
vendredi	vendredi
venëor	veneur1
vengier	venger
venimos	venimeux
venin	venin
venir	venir
venjance	vengeance
venoison	venaison
vent	vent
ventaille1	ventaille
venter	venter
ventre1	ventre
venüe	venue
vëoir	voir1
verai	vrai
veraiement	vraiment
verdele	verdelle
verdir	verdir
verdoiier	verdoyer1
verge1	verge1
vergier1	verger1
vergier2	verger2
vergoigne	vergogne
vergoignier	vergogner
vergondos	vergondeux
veritable	véritable
verité	vérité
vermeil1	vermeil1
verne	verne
verrin	verrin
verrine	verrine
vers1	vers1
verser1	verser
vert	vert
vertu	vertu
vertüos	vertueux
verve	verve
vespre	vêpre
vespree	vêprée
vestement	vêtement
vestëure	vêture
vestir	vêtir
vëue	vue
veve2	veuve
vezïé	
vïande	viande
vice	vice1
victoire	victoire
vie	vie
vieil	vieux
vieillece	vieillesse
vïele	vielle
vïeler	vieller
vieillart	vieillard
vïenois	viennois
viez	viez
vif	vif
vigile	vigile
vigne1	vigne
vignoble	vignoble
vigoros	vigoureux
vil1	vil
vilain	vilain
vilainement	vilainement
vile	ville
vilener	vilener
vilenie	vilenie
vilment	vilement
viltance	viletance
vilté	vileté
vin	vin1
vint	VINGT
vïolete1	violette
virge	vierge
vis1	vis1
vis2	vis3
visiter	visiter
vistement	vitement
vitaille	vitaille
vivre1	vivre1
viz	vis2
vo	voeu
vöer1	vouer1
voiage	voyage
voie	voie
voiier1	voier
voile1	voile2
voir	voir2
voire1	voire1
voire2	voire2
voirement	voirement
voirre	verre
voisdie	voisdie
voisin	voisin
voiz	voix
vol	vol
volage1	volage
volenté	volonté
volentiers	volontiers
voler	voler
voloir	vouloir
voudre	
vout	voult
voutiz	voûtis1
vuel	veuil
vuidier	vider
vuit	vide

